<keymap version="1" name="macOS copy" parent="Mac OS X 10.5+">
  <action id="ActivateBookmarksToolWindow" />
  <action id="ActivateCommitToolWindow" />
  <action id="ActivateDebugToolWindow" />
  <action id="ActivateFindToolWindow" />
  <action id="ActivateProblemsViewToolWindow" />
  <action id="ActivateProjectToolWindow">
    <keyboard-shortcut first-keystroke="alt 1" />
  </action>
  <action id="ActivateRunToolWindow" />
  <action id="ActivateServicesToolWindow" />
  <action id="ActivateStructureToolWindow" />
  <action id="ActivateVersionControlToolWindow" />
  <action id="Arrangement.Rule.Match.Condition.Move.Down">
    <keyboard-shortcut first-keystroke="alt down" />
    <keyboard-shortcut first-keystroke="meta j" />
  </action>
  <action id="Arrangement.Rule.Match.Condition.Move.Up">
    <keyboard-shortcut first-keystroke="alt up" />
    <keyboard-shortcut first-keystroke="meta k" />
  </action>
  <action id="CheckinProject" />
  <action id="CloseActiveTab">
    <keyboard-shortcut first-keystroke="shift ctrl f4" />
    <keyboard-shortcut first-keystroke="meta w" />
  </action>
  <action id="CommentByBlockComment">
    <keyboard-shortcut first-keystroke="meta alt slash" />
    <keyboard-shortcut first-keystroke="meta alt divide" />
    <keyboard-shortcut first-keystroke="shift ctrl slash" />
    <keyboard-shortcut first-keystroke="shift ctrl divide" />
    <keyboard-shortcut first-keystroke="shift meta slash" />
    <keyboard-shortcut first-keystroke="shift meta divide" />
    <keyboard-shortcut first-keystroke="shift meta divide" />
    <keyboard-shortcut first-keystroke="meta slash" />
  </action>
  <action id="DuplicatesForm.SendToLeft" />
  <action id="DuplicatesForm.SendToRight" />
  <action id="EditorDown">
    <keyboard-shortcut first-keystroke="down" />
    <keyboard-shortcut first-keystroke="ctrl n" />
    <keyboard-shortcut first-keystroke="j" />
    <keyboard-shortcut first-keystroke="meta j" />
  </action>
  <action id="EditorLeft">
    <keyboard-shortcut first-keystroke="left" />
    <keyboard-shortcut first-keystroke="ctrl b" />
    <keyboard-shortcut first-keystroke="h" />
  </action>
  <action id="EditorRight">
    <keyboard-shortcut first-keystroke="right" />
    <keyboard-shortcut first-keystroke="ctrl f" />
    <keyboard-shortcut first-keystroke="l" />
  </action>
  <action id="EditorUp">
    <keyboard-shortcut first-keystroke="up" />
    <keyboard-shortcut first-keystroke="ctrl p" />
    <keyboard-shortcut first-keystroke="k" />
    <keyboard-shortcut first-keystroke="meta k" />
  </action>
  <action id="FileChooser.GotoHome" />
  <action id="FileChooser.GotoModule" />
  <action id="FileChooser.GotoProject" />
  <action id="Go To Tab #1">
    <keyboard-shortcut first-keystroke="meta 1" />
  </action>
  <action id="Go To Tab #10">
    <keyboard-shortcut first-keystroke="meta 0" />
  </action>
  <action id="Go To Tab #2">
    <keyboard-shortcut first-keystroke="meta 2" />
  </action>
  <action id="Go To Tab #3">
    <keyboard-shortcut first-keystroke="meta 3" />
  </action>
  <action id="Go To Tab #4">
    <keyboard-shortcut first-keystroke="meta 4" />
  </action>
  <action id="Go To Tab #5">
    <keyboard-shortcut first-keystroke="meta 5" />
  </action>
  <action id="Go To Tab #6">
    <keyboard-shortcut first-keystroke="meta 6" />
  </action>
  <action id="Go To Tab #7">
    <keyboard-shortcut first-keystroke="meta 7" />
  </action>
  <action id="Go To Tab #8">
    <keyboard-shortcut first-keystroke="meta 8" />
  </action>
  <action id="Go To Tab #9">
    <keyboard-shortcut first-keystroke="meta 9" />
  </action>
</keymap>